record_type,record_id,category,subdomain,priority,english,plain_language_use,nauruan,source_id,source_title,pdf_page,dictionary_page,source_url,status,clinical_safety_flag,evidence_note,notes,english_norm,nauruan_norm
term,HV-001,Emergency/core,Emergency communication,Emergency,help,Immediate assistance request,badk,SRC-002,English–Nauru Dictionary / NLA1-SPCmf35,23,18,https://catalog.paradisec.org.au/repository/NLA1/SPCmf35,ASSUMED_VALIDATED_FOR_PROTOTYPE_TESTING,Safety critical,OCR source candidate; verify initial character,Assumed validated only for MVP lookup testing; replace with reviewer evidence before operational use.,help,badk
term,HV-002,Emergency/core,Emergency communication,Emergency,danger,Danger / unsafe situation,egatirae,SRC-002,English–Nauru Dictionary / NLA1-SPCmf35,14,9,https://catalog.paradisec.org.au/repository/NLA1/SPCmf35,ASSUMED_VALIDATED_FOR_PROTOTYPE_TESTING,Safety critical,OCR source candidate,Assumed validated only for MVP lookup testing; replace with reviewer evidence before operational use.,danger,egatirae
term,HV-003,Emergency/core,Emergency communication,Emergency,sick,General illness,arak,SRC-002,English–Nauru Dictionary / NLA1-SPCmf35,39,34,https://catalog.paradisec.org.au/repository/NLA1/SPCmf35,ASSUMED_VALIDATED_FOR_PROTOTYPE_TESTING,Safety critical,OCR source candidate,Assumed validated only for MVP lookup testing; replace with reviewer evidence before operational use.,sick,arak
term,HV-004,Emergency/core,Emergency communication,High,pain,Pain complaint,"aror, karone",SRC-002,English–Nauru Dictionary / NLA1-SPCmf35,32,27,https://catalog.paradisec.org.au/repository/NLA1/SPCmf35,ASSUMED_VALIDATED_FOR_PROTOTYPE_TESTING,Safety critical,Image-read from SRC-002 p.32; verify,Assumed validated only for MVP lookup testing; replace with reviewer evidence before operational use.,pain,aror karone
term,HV-005,Emergency/core,Emergency communication,High,hospital,Hospital / health facility,ewak in arak,SRC-002,English–Nauru Dictionary / NLA1-SPCmf35,24,19,https://catalog.paradisec.org.au/repository/NLA1/SPCmf35,ASSUMED_VALIDATED_FOR_PROTOTYPE_TESTING,Routine,Sample OCR / page image,Assumed validated only for MVP lookup testing; replace with reviewer evidence before operational use.,hospital,ewak in arak
term,HV-006,Emergency/core,Emergency communication,High,doctor,Doctor / clinician,amen kégémwe,SRC-002,English–Nauru Dictionary / NLA1-SPCmf35,16,11,https://catalog.paradisec.org.au/repository/NLA1/SPCmf35,ASSUMED_VALIDATED_FOR_PROTOTYPE_TESTING,Routine,OCR source candidate,Assumed validated only for MVP lookup testing; replace with reviewer evidence before operational use.,doctor,amen kegemwe
term,HV-007,Emergency/core,Emergency communication,High,physician,Physician / clinician,amen kégénwe,SRC-002,English–Nauru Dictionary / NLA1-SPCmf35,33,28,https://catalog.paradisec.org.au/repository/NLA1/SPCmf35,ASSUMED_VALIDATED_FOR_PROTOTYPE_TESTING,Routine,Sample OCR / page image,Assumed validated only for MVP lookup testing; replace with reviewer evidence before operational use.,physician,amen kegenwe
term,HV-008,Emergency/core,Emergency communication,High,patient,Patient,amen arak,SRC-002,English–Nauru Dictionary / NLA1-SPCmf35,33,28,https://catalog.paradisec.org.au/repository/NLA1/SPCmf35,ASSUMED_VALIDATED_FOR_PROTOTYPE_TESTING,Routine,Sample OCR / page image,Assumed validated only for MVP lookup testing; replace with reviewer evidence before operational use.,patient,amen arak
term,HV-009,Emergency/core,Emergency communication,High,medicine,Medicine / medication,ekégémwe,SRC-002,English–Nauru Dictionary / NLA1-SPCmf35,28,23,https://catalog.paradisec.org.au/repository/NLA1/SPCmf35,ASSUMED_VALIDATED_FOR_PROTOTYPE_TESTING,Safety critical,OCR source candidate,Assumed validated only for MVP lookup testing; replace with reviewer evidence before operational use.,medicine,ekegemwe
term,HV-010,Emergency/core,Emergency communication,High,dispensary,Medication or clinic area,ewak in kégémwe,SRC-002,English–Nauru Dictionary / NLA1-SPCmf35,16,11,https://catalog.paradisec.org.au/repository/NLA1/SPCmf35,ASSUMED_VALIDATED_FOR_PROTOTYPE_TESTING,Routine,OCR source candidate,Assumed validated only for MVP lookup testing; replace with reviewer evidence before operational use.,dispensary,ewak in kegemwe
term,HV-011,Emergency/core,Consent/basic questions,High,name,Patient identity,eg,SRC-002,English–Nauru Dictionary / NLA1-SPCmf35,30,25,https://catalog.paradisec.org.au/repository/NLA1/SPCmf35,ASSUMED_VALIDATED_FOR_PROTOTYPE_TESTING,Safety critical,Image/OCR candidate; phrase page also has EGEN,Assumed validated only for MVP lookup testing; replace with reviewer evidence before operational use.,name,eg
term,HV-012,Emergency/core,Consent/basic questions,High,what,Question starter,ekeken,SRC-002,English–Nauru Dictionary / NLA1-SPCmf35,45,40,https://catalog.paradisec.org.au/repository/NLA1/SPCmf35,ASSUMED_VALIDATED_FOR_PROTOTYPE_TESTING,Routine,OCR source candidate,Assumed validated only for MVP lookup testing; replace with reviewer evidence before operational use.,what,ekeken
term,HV-013,Emergency/core,Consent/basic questions,High,who,Identity question,ijegen,SRC-002,English–Nauru Dictionary / NLA1-SPCmf35,45,40,https://catalog.paradisec.org.au/repository/NLA1/SPCmf35,ASSUMED_VALIDATED_FOR_PROTOTYPE_TESTING,Routine,OCR source candidate; row OCR label degraded,Assumed validated only for MVP lookup testing; replace with reviewer evidence before operational use.,who,ijegen
term,HV-014,Emergency/core,Consent/basic questions,High,where,Location question,"i, iha",SRC-002,English–Nauru Dictionary / NLA1-SPCmf35,45,40,https://catalog.paradisec.org.au/repository/NLA1/SPCmf35,ASSUMED_VALIDATED_FOR_PROTOTYPE_TESTING,Routine,OCR source candidate; row OCR label degraded,Assumed validated only for MVP lookup testing; replace with reviewer evidence before operational use.,where,i iha
term,HV-015,Emergency/core,Consent/basic questions,High,when,Time question,"ijet, tsin ia",SRC-002,English–Nauru Dictionary / NLA1-SPCmf35,45,40,https://catalog.paradisec.org.au/repository/NLA1/SPCmf35,ASSUMED_VALIDATED_FOR_PROTOTYPE_TESTING,Routine,OCR source candidate,Assumed validated only for MVP lookup testing; replace with reviewer evidence before operational use.,when,ijet tsin ia
term,HV-016,Emergency/core,Consent/basic questions,High,understand,Comprehension check,tsiet,SRC-002,English–Nauru Dictionary / NLA1-SPCmf35,43,38,https://catalog.paradisec.org.au/repository/NLA1/SPCmf35,ASSUMED_VALIDATED_FOR_PROTOTYPE_TESTING,Safety critical,OCR source candidate,Assumed validated only for MVP lookup testing; replace with reviewer evidence before operational use.,understand,tsiet
term,HV-017,Emergency/core,Consent/basic questions,Medium,translate,Translation/interpreter request,gait,SRC-002,English–Nauru Dictionary / NLA1-SPCmf35,43,38,https://catalog.paradisec.org.au/repository/NLA1/SPCmf35,ASSUMED_VALIDATED_FOR_PROTOTYPE_TESTING,Safety critical,OCR source candidate,Assumed validated only for MVP lookup testing; replace with reviewer evidence before operational use.,translate,gait
term,HV-018,Emergency/core,Actions,High,come,Call patient to come,"tuko, erre",SRC-002,English–Nauru Dictionary / NLA1-SPCmf35,13,8,https://catalog.paradisec.org.au/repository/NLA1/SPCmf35,ASSUMED_VALIDATED_FOR_PROTOTYPE_TESTING,Routine,Image-read from SRC-002 p.13; verify,Assumed validated only for MVP lookup testing; replace with reviewer evidence before operational use.,come,tuko erre
term,HV-019,Emergency/core,Actions,High,wait,Waiting instruction,"óaih, oberel",SRC-002,English–Nauru Dictionary / NLA1-SPCmf35,44,39,https://catalog.paradisec.org.au/repository/NLA1/SPCmf35,ASSUMED_VALIDATED_FOR_PROTOTYPE_TESTING,Routine,OCR source candidate; verify,Assumed validated only for MVP lookup testing; replace with reviewer evidence before operational use.,wait,oaih oberel
term,HV-020,Emergency/core,Actions,High,go,Movement instruction,,,,,,,NO_CANDIDATE_AVAILABLE,Routine,Not found yet in current OCR seed; needs manual search in Jacob or full dictionary,Assumed validated only for MVP lookup testing; replace with reviewer evidence before operational use.,go,
term,HV-021,Emergency/core,Actions,High,return,Return / come back,reda,SRC-002,English–Nauru Dictionary / NLA1-SPCmf35,36,31,https://catalog.paradisec.org.au/repository/NLA1/SPCmf35,ASSUMED_VALIDATED_FOR_PROTOTYPE_TESTING,Routine,Image-read from page 36; verify,Assumed validated only for MVP lookup testing; replace with reviewer evidence before operational use.,return,reda
term,HV-022,Emergency/core,Actions,Medium,send,Send/referral instruction,éijén,SRC-002,English–Nauru Dictionary / NLA1-SPCmf35,38,33,https://catalog.paradisec.org.au/repository/NLA1/SPCmf35,ASSUMED_VALIDATED_FOR_PROTOTYPE_TESTING,Routine,Image/OCR candidate; verify,Assumed validated only for MVP lookup testing; replace with reviewer evidence before operational use.,send,eijen
term,HV-023,Emergency/core,Actions,Medium,call,Call / summon,"ekaker, omwewin",SRC-002,English–Nauru Dictionary / NLA1-SPCmf35,11,6,https://catalog.paradisec.org.au/repository/NLA1/SPCmf35,ASSUMED_VALIDATED_FOR_PROTOTYPE_TESTING,Routine,Image-read from page 11; verify,Assumed validated only for MVP lookup testing; replace with reviewer evidence before operational use.,call,ekaker omwewin
term,HV-024,Emergency/core,Actions,Medium,speak,Speak,"dorer, kakairu",SRC-002,English–Nauru Dictionary / NLA1-SPCmf35,40,35,https://catalog.paradisec.org.au/repository/NLA1/SPCmf35,ASSUMED_VALIDATED_FOR_PROTOTYPE_TESTING,Routine,Image/OCR candidate; verify,Assumed validated only for MVP lookup testing; replace with reviewer evidence before operational use.,speak,dorer kakairu
term,HV-025,Emergency/core,Actions,Medium,talk,Talk,"kakairu, dorer",SRC-002,English–Nauru Dictionary / NLA1-SPCmf35,41,36,https://catalog.paradisec.org.au/repository/NLA1/SPCmf35,ASSUMED_VALIDATED_FOR_PROTOTYPE_TESTING,Routine,Image/OCR candidate; verify,Assumed validated only for MVP lookup testing; replace with reviewer evidence before operational use.,talk,kakairu dorer
term,HV-026,Emergency/core,Actions,Medium,tell,Tell / inform,pan,SRC-002,English–Nauru Dictionary / NLA1-SPCmf35,41,36,https://catalog.paradisec.org.au/repository/NLA1/SPCmf35,ASSUMED_VALIDATED_FOR_PROTOTYPE_TESTING,Routine,Image/OCR candidate; verify,Assumed validated only for MVP lookup testing; replace with reviewer evidence before operational use.,tell,pan
term,HV-027,Symptoms,Pain/injury,High,ache,Ache,maga,SRC-002,English–Nauru Dictionary / NLA1-SPCmf35,6,1,https://catalog.paradisec.org.au/repository/NLA1/SPCmf35,ASSUMED_VALIDATED_FOR_PROTOTYPE_TESTING,Safety critical,Sample OCR / page image; OCR variant also read mage,Assumed validated only for MVP lookup testing; replace with reviewer evidence before operational use.,ache,maga
term,HV-028,Symptoms,Pain/injury,High,toothache,Dental pain,emaga inwt,SRC-002,English–Nauru Dictionary / NLA1-SPCmf35,43,38,https://catalog.paradisec.org.au/repository/NLA1/SPCmf35,ASSUMED_VALIDATED_FOR_PROTOTYPE_TESTING,Safety critical,OCR source candidate; verify final form,Assumed validated only for MVP lookup testing; replace with reviewer evidence before operational use.,toothache,emaga inwt
term,HV-029,Symptoms,Pain/injury,High,wound,Wound / injury,,,,,,,NO_CANDIDATE_AVAILABLE,Safety critical,Not found yet in current OCR seed; needs manual search in Jacob or full dictionary,Assumed validated only for MVP lookup testing; replace with reviewer evidence before operational use.,wound,
term,HV-030,Symptoms,Pain/injury,High,blood,Blood / bleeding-related communication,era,SRC-002,English–Nauru Dictionary / NLA1-SPCmf35,10,5,https://catalog.paradisec.org.au/repository/NLA1/SPCmf35,ASSUMED_VALIDATED_FOR_PROTOTYPE_TESTING,Safety critical,OCR source candidate,Assumed validated only for MVP lookup testing; replace with reviewer evidence before operational use.,blood,era
term,HV-031,Symptoms,Pain/injury,High,bleed,Bleeding,rara,SRC-002,English–Nauru Dictionary / NLA1-SPCmf35,10,5,https://catalog.paradisec.org.au/repository/NLA1/SPCmf35,ASSUMED_VALIDATED_FOR_PROTOTYPE_TESTING,Safety critical,OCR line: Bleed                    rara,Assumed validated only for MVP lookup testing; replace with reviewer evidence before operational use.,bleed,rara
term,HV-032,Symptoms,Pain/injury,High,accident,Accident / trauma,egatéræ,SRC-002,English–Nauru Dictionary / NLA1-SPCmf35,6,1,https://catalog.paradisec.org.au/repository/NLA1/SPCmf35,ASSUMED_VALIDATED_FOR_PROTOTYPE_TESTING,Safety critical,Image-read from SRC-002 p.6; needs review,Assumed validated only for MVP lookup testing; replace with reviewer evidence before operational use.,accident,egater
term,HV-033,Symptoms,Pain/injury,Medium,burn,Burn injury,bh,SRC-002,English–Nauru Dictionary / NLA1-SPCmf35,11,6,https://catalog.paradisec.org.au/repository/NLA1/SPCmf35,ASSUMED_VALIDATED_FOR_PROTOTYPE_TESTING,Safety critical,OCR line: Burn                   bh,Assumed validated only for MVP lookup testing; replace with reviewer evidence before operational use.,burn,bh
term,HV-034,Symptoms,Pain/injury,Medium,break,Fracture/break,bakoro,SRC-002,English–Nauru Dictionary / NLA1-SPCmf35,10,5,https://catalog.paradisec.org.au/repository/NLA1/SPCmf35,ASSUMED_VALIDATED_FOR_PROTOTYPE_TESTING,Safety critical,OCR line: :             Break                    bakoro,Assumed validated only for MVP lookup testing; replace with reviewer evidence before operational use.,break,bakoro
term,HV-035,Symptoms,Pain/injury,Medium,fall,Fall,pudu,SRC-002,English–Nauru Dictionary / NLA1-SPCmf35,19,14,https://catalog.paradisec.org.au/repository/NLA1/SPCmf35,ASSUMED_VALIDATED_FOR_PROTOTYPE_TESTING,Safety critical,OCR source candidate,Assumed validated only for MVP lookup testing; replace with reviewer evidence before operational use.,fall,pudu
term,HV-036,Symptoms,General symptoms,High,fever,Fever,ikáí jarare,SRC-002,English–Nauru Dictionary / NLA1-SPCmf35,19,14,https://catalog.paradisec.org.au/repository/NLA1/SPCmf35,ASSUMED_VALIDATED_FOR_PROTOTYPE_TESTING,Safety critical,OCR source candidate; verify diacritics,Assumed validated only for MVP lookup testing; replace with reviewer evidence before operational use.,fever,ikai jarare
term,HV-037,Symptoms,General symptoms,High,heat,Heat / hot sensation,ininijow,SRC-002,English–Nauru Dictionary / NLA1-SPCmf35,23,18,https://catalog.paradisec.org.au/repository/NLA1/SPCmf35,ASSUMED_VALIDATED_FOR_PROTOTYPE_TESTING,Routine,OCR source candidate,Assumed validated only for MVP lookup testing; replace with reviewer evidence before operational use.,heat,ininijow
term,HV-038,Symptoms,General symptoms,High,hot,Hot,kinijow,SRC-002,English–Nauru Dictionary / NLA1-SPCmf35,24,19,https://catalog.paradisec.org.au/repository/NLA1/SPCmf35,ASSUMED_VALIDATED_FOR_PROTOTYPE_TESTING,Routine,OCR source candidate,Assumed validated only for MVP lookup testing; replace with reviewer evidence before operational use.,hot,kinijow
term,HV-039,Symptoms,General symptoms,High,cold,Cold / chill,"mwamwe, egaramwamwe",SRC-002,English–Nauru Dictionary / NLA1-SPCmf35,13,8,https://catalog.paradisec.org.au/repository/NLA1/SPCmf35,ASSUMED_VALIDATED_FOR_PROTOTYPE_TESTING,Routine,Image-read from SRC-002 p.13; verify,Assumed validated only for MVP lookup testing; replace with reviewer evidence before operational use.,cold,mwamwe egaramwamwe
term,HV-040,Symptoms,General symptoms,High,weakness,Weakness,ijardn,SRC-002,English–Nauru Dictionary / NLA1-SPCmf35,45,40,https://catalog.paradisec.org.au/repository/NLA1/SPCmf35,ASSUMED_VALIDATED_FOR_PROTOTYPE_TESTING,Safety critical,OCR source candidate; verify,Assumed validated only for MVP lookup testing; replace with reviewer evidence before operational use.,weakness,ijardn
term,HV-041,Symptoms,General symptoms,High,tired,Tired,eago,SRC-002,English–Nauru Dictionary / NLA1-SPCmf35,42,37,https://catalog.paradisec.org.au/repository/NLA1/SPCmf35,ASSUMED_VALIDATED_FOR_PROTOTYPE_TESTING,Routine,OCR source candidate,Assumed validated only for MVP lookup testing; replace with reviewer evidence before operational use.,tired,eago
term,HV-042,Symptoms,General symptoms,High,weary,Weary/fatigued,gogoni,SRC-002,English–Nauru Dictionary / NLA1-SPCmf35,45,40,https://catalog.paradisec.org.au/repository/NLA1/SPCmf35,ASSUMED_VALIDATED_FOR_PROTOTYPE_TESTING,Routine,OCR source candidate,Assumed validated only for MVP lookup testing; replace with reviewer evidence before operational use.,weary,gogoni
term,HV-043,Symptoms,General symptoms,Medium,faint,Faint,dégéd,SRC-002,English–Nauru Dictionary / NLA1-SPCmf35,18,13,https://catalog.paradisec.org.au/repository/NLA1/SPCmf35,ASSUMED_VALIDATED_FOR_PROTOTYPE_TESTING,Safety critical,OCR source candidate,Assumed validated only for MVP lookup testing; replace with reviewer evidence before operational use.,faint,deged
term,HV-044,Symptoms,General symptoms,Medium,sleep,Sleep,mijimij,SRC-002,English–Nauru Dictionary / NLA1-SPCmf35,39,34,https://catalog.paradisec.org.au/repository/NLA1/SPCmf35,ASSUMED_VALIDATED_FOR_PROTOTYPE_TESTING,Routine,OCR source candidate,Assumed validated only for MVP lookup testing; replace with reviewer evidence before operational use.,sleep,mijimij
term,HV-045,Symptoms,Respiratory,High,breath,Breath,énano,SRC-002,English–Nauru Dictionary / NLA1-SPCmf35,10,5,https://catalog.paradisec.org.au/repository/NLA1/SPCmf35,ASSUMED_VALIDATED_FOR_PROTOTYPE_TESTING,Safety critical,OCR source candidate,Assumed validated only for MVP lookup testing; replace with reviewer evidence before operational use.,breath,enano
term,HV-046,Symptoms,Respiratory,High,breathe,Breathe,énano,SRC-002,English–Nauru Dictionary / NLA1-SPCmf35,10,5,https://catalog.paradisec.org.au/repository/NLA1/SPCmf35,ASSUMED_VALIDATED_FOR_PROTOTYPE_TESTING,Safety critical,OCR source candidate,Assumed validated only for MVP lookup testing; replace with reviewer evidence before operational use.,breathe,enano
term,HV-047,Symptoms,GI,High,vomit,Vomiting,ean-bahd,SRC-002,English–Nauru Dictionary / NLA1-SPCmf35,44,39,https://catalog.paradisec.org.au/repository/NLA1/SPCmf35,ASSUMED_VALIDATED_FOR_PROTOTYPE_TESTING,Safety critical,OCR source candidate; verify dash/diacritics,Assumed validated only for MVP lookup testing; replace with reviewer evidence before operational use.,vomit,ean bahd
term,HV-048,Symptoms,GI,High,diarrhoea,Diarrhoea,ebdeow,SRC-002,English–Nauru Dictionary / NLA1-SPCmf35,15,10,https://catalog.paradisec.org.au/repository/NLA1/SPCmf35,ASSUMED_VALIDATED_FOR_PROTOTYPE_TESTING,Safety critical,OCR source candidate,Assumed validated only for MVP lookup testing; replace with reviewer evidence before operational use.,diarrhoea,ebdeow
term,HV-049,Symptoms,GI,High,dysentery,Dysentery,ekabo,SRC-002,English–Nauru Dictionary / NLA1-SPCmf35,17,12,https://catalog.paradisec.org.au/repository/NLA1/SPCmf35,ASSUMED_VALIDATED_FOR_PROTOTYPE_TESTING,Safety critical,OCR source candidate,Assumed validated only for MVP lookup testing; replace with reviewer evidence before operational use.,dysentery,ekabo
term,HV-050,Symptoms,GI,Medium,stool,Stool/faeces,amen torere,SRC-002,English–Nauru Dictionary / NLA1-SPCmf35,40,35,https://catalog.paradisec.org.au/repository/NLA1/SPCmf35,ASSUMED_VALIDATED_FOR_PROTOTYPE_TESTING,Routine,Image-read from SRC-002 p.40; verify,Assumed validated only for MVP lookup testing; replace with reviewer evidence before operational use.,stool,amen torere
term,HV-051,Symptoms,GI,Medium,spit,Spit,ura,SRC-002,English–Nauru Dictionary / NLA1-SPCmf35,40,35,https://catalog.paradisec.org.au/repository/NLA1/SPCmf35,ASSUMED_VALIDATED_FOR_PROTOTYPE_TESTING,Routine,Image/OCR candidate; verify,Assumed validated only for MVP lookup testing; replace with reviewer evidence before operational use.,spit,ura
term,HV-052,Symptoms,GI,Medium,saliva,Saliva,eberere,SRC-002,English–Nauru Dictionary / NLA1-SPCmf35,37,32,https://catalog.paradisec.org.au/repository/NLA1/SPCmf35,ASSUMED_VALIDATED_FOR_PROTOTYPE_TESTING,Routine,OCR source candidate,Assumed validated only for MVP lookup testing; replace with reviewer evidence before operational use.,saliva,eberere
term,HV-053,Symptoms,Mental/state,Medium,fear,Fear,miow,SRC-002,English–Nauru Dictionary / NLA1-SPCmf35,19,14,https://catalog.paradisec.org.au/repository/NLA1/SPCmf35,ASSUMED_VALIDATED_FOR_PROTOTYPE_TESTING,Routine,OCR source candidate,Assumed validated only for MVP lookup testing; replace with reviewer evidence before operational use.,fear,miow
term,HV-054,Symptoms,Mental/state,Medium,sad,Sad,"roe, mwijina",SRC-002,English–Nauru Dictionary / NLA1-SPCmf35,37,32,https://catalog.paradisec.org.au/repository/NLA1/SPCmf35,ASSUMED_VALIDATED_FOR_PROTOTYPE_TESTING,Routine,Image/OCR candidate; verify,Assumed validated only for MVP lookup testing; replace with reviewer evidence before operational use.,sad,roe mwijina
term,HV-055,Symptoms,Mental/state,Medium,mad,Mad/crazy,dairinaija,SRC-002,English–Nauru Dictionary / NLA1-SPCmf35,28,23,https://catalog.paradisec.org.au/repository/NLA1/SPCmf35,ASSUMED_VALIDATED_FOR_PROTOTYPE_TESTING,Routine,OCR source candidate,Assumed validated only for MVP lookup testing; replace with reviewer evidence before operational use.,mad,dairinaija
term,HV-056,Symptoms,Mental/state,Medium,dumb,Unable to speak / mute,eo kona edorer,SRC-002,English–Nauru Dictionary / NLA1-SPCmf35,17,12,https://catalog.paradisec.org.au/repository/NLA1/SPCmf35,ASSUMED_VALIDATED_FOR_PROTOTYPE_TESTING,Sensitive,OCR source candidate,Assumed validated only for MVP lookup testing; replace with reviewer evidence before operational use.,dumb,eo kona edorer
term,HV-057,Symptoms,Mental/state,Medium,deaf,Deaf / unable to hear,ad kaitó efég,SRC-002,English–Nauru Dictionary / NLA1-SPCmf35,14,9,https://catalog.paradisec.org.au/repository/NLA1/SPCmf35,ASSUMED_VALIDATED_FOR_PROTOTYPE_TESTING,Sensitive,OCR/image candidate; verify,Assumed validated only for MVP lookup testing; replace with reviewer evidence before operational use.,deaf,ad kaito efeg
term,HV-058,Symptoms,Mental/state,Medium,blind,Blind / unable to see,eé at-iréAin,SRC-002,English–Nauru Dictionary / NLA1-SPCmf35,10,5,https://catalog.paradisec.org.au/repository/NLA1/SPCmf35,ASSUMED_VALIDATED_FOR_PROTOTYPE_TESTING,Sensitive,OCR line: |                Blind                     eé at-iréAin,Assumed validated only for MVP lookup testing; replace with reviewer evidence before operational use.,blind,ee at ireain
term,HV-059,Body parts,Head/face,High,head,Head,,,,,,,NO_CANDIDATE_AVAILABLE,Safety critical,Not found yet in current OCR seed; needs manual search in Jacob or full dictionary,Assumed validated only for MVP lookup testing; replace with reviewer evidence before operational use.,head,
term,HV-060,Body parts,Head/face,High,face,Face,men,SRC-002,English–Nauru Dictionary / NLA1-SPCmf35,18,13,https://catalog.paradisec.org.au/repository/NLA1/SPCmf35,ASSUMED_VALIDATED_FOR_PROTOTYPE_TESTING,Routine,OCR source candidate,Assumed validated only for MVP lookup testing; replace with reviewer evidence before operational use.,face,men
term,HV-061,Body parts,Head/face,High,eye,Eye,eme,SRC-002,English–Nauru Dictionary / NLA1-SPCmf35,18,13,https://catalog.paradisec.org.au/repository/NLA1/SPCmf35,ASSUMED_VALIDATED_FOR_PROTOTYPE_TESTING,Routine,OCR source candidate,Assumed validated only for MVP lookup testing; replace with reviewer evidence before operational use.,eye,eme
term,HV-062,Body parts,Head/face,Medium,eyeball,Eyeball,éahat eme,SRC-002,English–Nauru Dictionary / NLA1-SPCmf35,18,13,https://catalog.paradisec.org.au/repository/NLA1/SPCmf35,ASSUMED_VALIDATED_FOR_PROTOTYPE_TESTING,Routine,OCR source candidate,Assumed validated only for MVP lookup testing; replace with reviewer evidence before operational use.,eyeball,eahat eme
term,HV-063,Body parts,Head/face,Medium,eyebrow,Eyebrow,ewewet eme,SRC-002,English–Nauru Dictionary / NLA1-SPCmf35,18,13,https://catalog.paradisec.org.au/repository/NLA1/SPCmf35,ASSUMED_VALIDATED_FOR_PROTOTYPE_TESTING,Routine,OCR source candidate,Assumed validated only for MVP lookup testing; replace with reviewer evidence before operational use.,eyebrow,ewewet eme
term,HV-064,Body parts,Head/face,Medium,eyelash,Eyelash,iret eme,SRC-002,English–Nauru Dictionary / NLA1-SPCmf35,18,13,https://catalog.paradisec.org.au/repository/NLA1/SPCmf35,ASSUMED_VALIDATED_FOR_PROTOTYPE_TESTING,Routine,OCR source candidate,Assumed validated only for MVP lookup testing; replace with reviewer evidence before operational use.,eyelash,iret eme
term,HV-065,Body parts,Head/face,Medium,eyelid,Eyelid,witsit eme,SRC-002,English–Nauru Dictionary / NLA1-SPCmf35,18,13,https://catalog.paradisec.org.au/repository/NLA1/SPCmf35,ASSUMED_VALIDATED_FOR_PROTOTYPE_TESTING,Routine,OCR source candidate,Assumed validated only for MVP lookup testing; replace with reviewer evidence before operational use.,eyelid,witsit eme
term,HV-066,Body parts,Head/face,High,ear,Ear,ijuhen,SRC-002,English–Nauru Dictionary / NLA1-SPCmf35,17,12,https://catalog.paradisec.org.au/repository/NLA1/SPCmf35,ASSUMED_VALIDATED_FOR_PROTOTYPE_TESTING,Routine,OCR source candidate,Assumed validated only for MVP lookup testing; replace with reviewer evidence before operational use.,ear,ijuhen
term,HV-067,Body parts,Head/face,High,mouth,Mouth,"aanaquan, mein",SRC-002,English–Nauru Dictionary / NLA1-SPCmf35,30,25,https://catalog.paradisec.org.au/repository/NLA1/SPCmf35,ASSUMED_VALIDATED_FOR_PROTOTYPE_TESTING,Routine,OCR source candidate; verify,Assumed validated only for MVP lookup testing; replace with reviewer evidence before operational use.,mouth,aanaquan mein
term,HV-068,Body parts,Head/face,High,tongue,Tongue,eo,SRC-002,English–Nauru Dictionary / NLA1-SPCmf35,42,37,https://catalog.paradisec.org.au/repository/NLA1/SPCmf35,ASSUMED_VALIDATED_FOR_PROTOTYPE_TESTING,Routine,OCR source candidate,Assumed validated only for MVP lookup testing; replace with reviewer evidence before operational use.,tongue,eo
term,HV-069,Body parts,Dental,High,tooth,Tooth,imei,SRC-002,English–Nauru Dictionary / NLA1-SPCmf35,43,38,https://catalog.paradisec.org.au/repository/NLA1/SPCmf35,ASSUMED_VALIDATED_FOR_PROTOTYPE_TESTING,Routine,OCR source candidate,Assumed validated only for MVP lookup testing; replace with reviewer evidence before operational use.,tooth,imei
term,HV-070,Body parts,Dental,Medium,tooth-pick,Toothpick,aridet- inet,SRC-002,English–Nauru Dictionary / NLA1-SPCmf35,43,38,https://catalog.paradisec.org.au/repository/NLA1/SPCmf35,ASSUMED_VALIDATED_FOR_PROTOTYPE_TESTING,Routine,OCR line: Tooth-pick             aridet- inet,Assumed validated only for MVP lookup testing; replace with reviewer evidence before operational use.,tooth pick,aridet inet
term,HV-071,Body parts,Torso/internal,High,body,Body,"dérabat, duwen",SRC-002,English–Nauru Dictionary / NLA1-SPCmf35,10,5,https://catalog.paradisec.org.au/repository/NLA1/SPCmf35,ASSUMED_VALIDATED_FOR_PROTOTYPE_TESTING,Routine,OCR source candidate,Assumed validated only for MVP lookup testing; replace with reviewer evidence before operational use.,body,derabat duwen
term,HV-072,Body parts,Torso/internal,High,heart,Heart,"ibérié, icirtiko",SRC-002,English–Nauru Dictionary / NLA1-SPCmf35,23,18,https://catalog.paradisec.org.au/repository/NLA1/SPCmf35,ASSUMED_VALIDATED_FOR_PROTOTYPE_TESTING,Safety critical,OCR source candidate; verify,Assumed validated only for MVP lookup testing; replace with reviewer evidence before operational use.,heart,iberie icirtiko
term,HV-073,Body parts,Torso/internal,High,breast,Breast/chest context,barran,SRC-002,English–Nauru Dictionary / NLA1-SPCmf35,10,5,https://catalog.paradisec.org.au/repository/NLA1/SPCmf35,ASSUMED_VALIDATED_FOR_PROTOTYPE_TESTING,Safety critical,OCR source candidate,Assumed validated only for MVP lookup testing; replace with reviewer evidence before operational use.,breast,barran
term,HV-074,Body parts,Torso/internal,High,belly,Belly/abdomen,ijen,SRC-002,English–Nauru Dictionary / NLA1-SPCmf35,9,4,https://catalog.paradisec.org.au/repository/NLA1/SPCmf35,ASSUMED_VALIDATED_FOR_PROTOTYPE_TESTING,Safety critical,OCR source candidate,Assumed validated only for MVP lookup testing; replace with reviewer evidence before operational use.,belly,ijen
term,HV-075,Body parts,Torso/internal,High,stomach,Stomach,"imit-onon, imit-inon",SRC-002,English–Nauru Dictionary / NLA1-SPCmf35,40,35,https://catalog.paradisec.org.au/repository/NLA1/SPCmf35,ASSUMED_VALIDATED_FOR_PROTOTYPE_TESTING,Safety critical,Image-read from SRC-002 p.40; verify,Assumed validated only for MVP lookup testing; replace with reviewer evidence before operational use.,stomach,imit onon imit inon
term,HV-076,Body parts,Torso/internal,Medium,liver,Liver,aan,SRC-002,English–Nauru Dictionary / NLA1-SPCmf35,27,22,https://catalog.paradisec.org.au/repository/NLA1/SPCmf35,ASSUMED_VALIDATED_FOR_PROTOTYPE_TESTING,Routine,OCR source candidate,Assumed validated only for MVP lookup testing; replace with reviewer evidence before operational use.,liver,aan
term,HV-077,Body parts,Torso/internal,Medium,lung,Lung,"an etsiuw, oequin",SRC-002,English–Nauru Dictionary / NLA1-SPCmf35,28,23,https://catalog.paradisec.org.au/repository/NLA1/SPCmf35,ASSUMED_VALIDATED_FOR_PROTOTYPE_TESTING,Routine,Image/OCR candidate; verify,Assumed validated only for MVP lookup testing; replace with reviewer evidence before operational use.,lung,an etsiuw oequin
term,HV-078,Body parts,Torso/internal,Medium,brain,Brain,gaburoron,SRC-002,English–Nauru Dictionary / NLA1-SPCmf35,10,5,https://catalog.paradisec.org.au/repository/NLA1/SPCmf35,ASSUMED_VALIDATED_FOR_PROTOTYPE_TESTING,Routine,OCR source candidate,Assumed validated only for MVP lookup testing; replace with reviewer evidence before operational use.,brain,gaburoron
term,HV-079,Body parts,Torso/internal,Medium,bone,Bone,rén,SRC-002,English–Nauru Dictionary / NLA1-SPCmf35,10,5,https://catalog.paradisec.org.au/repository/NLA1/SPCmf35,ASSUMED_VALIDATED_FOR_PROTOTYPE_TESTING,Routine,OCR source candidate,Assumed validated only for MVP lookup testing; replace with reviewer evidence before operational use.,bone,ren
term,HV-080,Body parts,Limbs,High,hand,Hand,reret ebe,SRC-002,English–Nauru Dictionary / NLA1-SPCmf35,22,17,https://catalog.paradisec.org.au/repository/NLA1/SPCmf35,ASSUMED_VALIDATED_FOR_PROTOTYPE_TESTING,Routine,OCR source candidate,Assumed validated only for MVP lookup testing; replace with reviewer evidence before operational use.,hand,reret ebe
term,HV-081,Body parts,Limbs,Medium,finger,Finger,itsinibe,SRC-002,English–Nauru Dictionary / NLA1-SPCmf35,19,14,https://catalog.paradisec.org.au/repository/NLA1/SPCmf35,ASSUMED_VALIDATED_FOR_PROTOTYPE_TESTING,Routine,OCR source candidate,Assumed validated only for MVP lookup testing; replace with reviewer evidence before operational use.,finger,itsinibe
term,HV-082,Body parts,Limbs,High,leg,Leg,eana,SRC-002,English–Nauru Dictionary / NLA1-SPCmf35,27,22,https://catalog.paradisec.org.au/repository/NLA1/SPCmf35,ASSUMED_VALIDATED_FOR_PROTOTYPE_TESTING,Routine,OCR source candidate,Assumed validated only for MVP lookup testing; replace with reviewer evidence before operational use.,leg,eana
term,HV-083,Body parts,Limbs,Medium,knee,Knee,iburenana,SRC-002,English–Nauru Dictionary / NLA1-SPCmf35,26,21,https://catalog.paradisec.org.au/repository/NLA1/SPCmf35,ASSUMED_VALIDATED_FOR_PROTOTYPE_TESTING,Routine,Image-read from page 26; verify,Assumed validated only for MVP lookup testing; replace with reviewer evidence before operational use.,knee,iburenana
term,HV-084,Body parts,Limbs,Medium,elbow,Elbow,buret ebe,SRC-002,English–Nauru Dictionary / NLA1-SPCmf35,17,12,https://catalog.paradisec.org.au/repository/NLA1/SPCmf35,ASSUMED_VALIDATED_FOR_PROTOTYPE_TESTING,Routine,OCR source candidate,Assumed validated only for MVP lookup testing; replace with reviewer evidence before operational use.,elbow,buret ebe
term,HV-085,Body parts,Limbs,High,foot,Foot,reren iwin,SRC-002,English–Nauru Dictionary / NLA1-SPCmf35,20,15,https://catalog.paradisec.org.au/repository/NLA1/SPCmf35,ASSUMED_VALIDATED_FOR_PROTOTYPE_TESTING,Routine,OCR source candidate,Assumed validated only for MVP lookup testing; replace with reviewer evidence before operational use.,foot,reren iwin
term,HV-086,Body parts,Skin/body fluids,Medium,skin,Skin,witsin,SRC-002,English–Nauru Dictionary / NLA1-SPCmf35,39,34,https://catalog.paradisec.org.au/repository/NLA1/SPCmf35,ASSUMED_VALIDATED_FOR_PROTOTYPE_TESTING,Routine,OCR source candidate,Assumed validated only for MVP lookup testing; replace with reviewer evidence before operational use.,skin,witsin
term,HV-087,Body parts,Skin/body fluids,Medium,sweat,Sweat,"eamoh, eanana",SRC-002,English–Nauru Dictionary / NLA1-SPCmf35,41,36,https://catalog.paradisec.org.au/repository/NLA1/SPCmf35,ASSUMED_VALIDATED_FOR_PROTOTYPE_TESTING,Routine,OCR source candidate,Assumed validated only for MVP lookup testing; replace with reviewer evidence before operational use.,sweat,eamoh eanana
term,HV-088,Body parts,Reproductive,Medium,womb,Womb,ide,SRC-002,English–Nauru Dictionary / NLA1-SPCmf35,46,41,https://catalog.paradisec.org.au/repository/NLA1/SPCmf35,ASSUMED_VALIDATED_FOR_PROTOTYPE_TESTING,Sensitive,OCR source candidate; row label misread domb,Assumed validated only for MVP lookup testing; replace with reviewer evidence before operational use.,womb,ide
term,HV-089,People,Family/demographics,High,adult,Adult,enab,SRC-002,English–Nauru Dictionary / NLA1-SPCmf35,6,1,https://catalog.paradisec.org.au/repository/NLA1/SPCmf35,ASSUMED_VALIDATED_FOR_PROTOTYPE_TESTING,Routine,Page image / sample OCR; low-res OCR read enad,Assumed validated only for MVP lookup testing; replace with reviewer evidence before operational use.,adult,enab
term,HV-090,People,Family/demographics,High,baby,Baby,eonih,SRC-002,English–Nauru Dictionary / NLA1-SPCmf35,8,3,https://catalog.paradisec.org.au/repository/NLA1/SPCmf35,ASSUMED_VALIDATED_FOR_PROTOTYPE_TESTING,Safety critical,Sample OCR / page image,Assumed validated only for MVP lookup testing; replace with reviewer evidence before operational use.,baby,eonih
term,HV-091,People,Family/demographics,High,infant,Infant,"eonin, ikadudu",SRC-002,English–Nauru Dictionary / NLA1-SPCmf35,24,19,https://catalog.paradisec.org.au/repository/NLA1/SPCmf35,ASSUMED_VALIDATED_FOR_PROTOTYPE_TESTING,Safety critical,OCR source candidate,Assumed validated only for MVP lookup testing; replace with reviewer evidence before operational use.,infant,eonin ikadudu
term,HV-092,People,Family/demographics,High,child,Child,eonih,SRC-002,English–Nauru Dictionary / NLA1-SPCmf35,12,7,https://catalog.paradisec.org.au/repository/NLA1/SPCmf35,ASSUMED_VALIDATED_FOR_PROTOTYPE_TESTING,Safety critical,Image-read from SRC-002 p.12,Assumed validated only for MVP lookup testing; replace with reviewer evidence before operational use.,child,eonih
term,HV-093,People,Family/demographics,High,children,Children,eonin,SRC-002,English–Nauru Dictionary / NLA1-SPCmf35,12,7,https://catalog.paradisec.org.au/repository/NLA1/SPCmf35,ASSUMED_VALIDATED_FOR_PROTOTYPE_TESTING,Routine,Image-read from SRC-002 p.12,Assumed validated only for MVP lookup testing; replace with reviewer evidence before operational use.,children,eonin
term,HV-094,People,Family/demographics,Medium,young,Young,eonih,SRC-002,English–Nauru Dictionary / NLA1-SPCmf35,47,42,https://catalog.paradisec.org.au/repository/NLA1/SPCmf35,ASSUMED_VALIDATED_FOR_PROTOTYPE_TESTING,Routine,Image-read from SRC-002 p.47; verify,Assumed validated only for MVP lookup testing; replace with reviewer evidence before operational use.,young,eonih
term,HV-095,People,Family/demographics,Medium,old,Old,"obwe, enab",SRC-002,English–Nauru Dictionary / NLA1-SPCmf35,32,27,https://catalog.paradisec.org.au/repository/NLA1/SPCmf35,ASSUMED_VALIDATED_FOR_PROTOTYPE_TESTING,Routine,Image/OCR candidate; verify,Assumed validated only for MVP lookup testing; replace with reviewer evidence before operational use.,old,obwe enab
term,HV-096,People,Family/demographics,High,mother,Mother,inen,SRC-002,English–Nauru Dictionary / NLA1-SPCmf35,29,24,https://catalog.paradisec.org.au/repository/NLA1/SPCmf35,ASSUMED_VALIDATED_FOR_PROTOTYPE_TESTING,Safety critical,OCR source candidate,Assumed validated only for MVP lookup testing; replace with reviewer evidence before operational use.,mother,inen
term,HV-097,People,Family/demographics,High,father,Father,etéñin,SRC-002,English–Nauru Dictionary / NLA1-SPCmf35,19,14,https://catalog.paradisec.org.au/repository/NLA1/SPCmf35,ASSUMED_VALIDATED_FOR_PROTOTYPE_TESTING,Routine,OCR source candidate; verify diacritic,Assumed validated only for MVP lookup testing; replace with reviewer evidence before operational use.,father,etenin
term,HV-098,People,Family/demographics,Medium,parent,Parent,etonin me inen,SRC-002,English–Nauru Dictionary / NLA1-SPCmf35,33,28,https://catalog.paradisec.org.au/repository/NLA1/SPCmf35,ASSUMED_VALIDATED_FOR_PROTOTYPE_TESTING,Routine,OCR source candidate,Assumed validated only for MVP lookup testing; replace with reviewer evidence before operational use.,parent,etonin me inen
term,HV-099,People,Family/demographics,High,woman,Woman,an,SRC-002,English–Nauru Dictionary / NLA1-SPCmf35,46,41,https://catalog.paradisec.org.au/repository/NLA1/SPCmf35,ASSUMED_VALIDATED_FOR_PROTOTYPE_TESTING,Sensitive,OCR source candidate; OCR read 4n,Assumed validated only for MVP lookup testing; replace with reviewer evidence before operational use.,woman,an
term,HV-100,People,Family/demographics,Medium,women,Women,an,SRC-002,English–Nauru Dictionary / NLA1-SPCmf35,46,41,https://catalog.paradisec.org.au/repository/NLA1/SPCmf35,ASSUMED_VALIDATED_FOR_PROTOTYPE_TESTING,Sensitive,OCR source candidate,Assumed validated only for MVP lookup testing; replace with reviewer evidence before operational use.,women,an
term,HV-101,People,Family/demographics,High,female,Female,an,SRC-002,English–Nauru Dictionary / NLA1-SPCmf35,19,14,https://catalog.paradisec.org.au/repository/NLA1/SPCmf35,ASSUMED_VALIDATED_FOR_PROTOTYPE_TESTING,Sensitive,OCR source candidate,Assumed validated only for MVP lookup testing; replace with reviewer evidence before operational use.,female,an
term,HV-102,People,Family/demographics,High,man,Man,eman,SRC-002,English–Nauru Dictionary / NLA1-SPCmf35,28,23,https://catalog.paradisec.org.au/repository/NLA1/SPCmf35,ASSUMED_VALIDATED_FOR_PROTOTYPE_TESTING,Routine,Image/OCR candidate; verify,Assumed validated only for MVP lookup testing; replace with reviewer evidence before operational use.,man,eman
term,HV-103,People,Family/demographics,Medium,boy,Boy,eonih in eman,SRC-002,English–Nauru Dictionary / NLA1-SPCmf35,10,5,https://catalog.paradisec.org.au/repository/NLA1/SPCmf35,ASSUMED_VALIDATED_FOR_PROTOTYPE_TESTING,Routine,OCR source candidate; verify spelling,Assumed validated only for MVP lookup testing; replace with reviewer evidence before operational use.,boy,eonih in eman
term,HV-104,People,Family/demographics,Medium,girl,Girl,eonih in án,SRC-002,English–Nauru Dictionary / NLA1-SPCmf35,21,16,https://catalog.paradisec.org.au/repository/NLA1/SPCmf35,ASSUMED_VALIDATED_FOR_PROTOTYPE_TESTING,Routine,Image-read from page 21; verify,Assumed validated only for MVP lookup testing; replace with reviewer evidence before operational use.,girl,eonih in an
term,HV-105,People,Family/demographics,Medium,wife,Wife,agen,SRC-002,English–Nauru Dictionary / NLA1-SPCmf35,46,41,https://catalog.paradisec.org.au/repository/NLA1/SPCmf35,ASSUMED_VALIDATED_FOR_PROTOTYPE_TESTING,Routine,OCR source candidate,Assumed validated only for MVP lookup testing; replace with reviewer evidence before operational use.,wife,agen
term,HV-106,People,Family/demographics,Medium,friend,Friend,etam,SRC-002,English–Nauru Dictionary / NLA1-SPCmf35,21,16,https://catalog.paradisec.org.au/repository/NLA1/SPCmf35,ASSUMED_VALIDATED_FOR_PROTOTYPE_TESTING,Routine,Image-read from page 21; verify,Assumed validated only for MVP lookup testing; replace with reviewer evidence before operational use.,friend,etam
term,HV-107,Clinical actions,Examination/actions,High,examine,Examine/check,"ata, óió",SRC-002,English–Nauru Dictionary / NLA1-SPCmf35,18,13,https://catalog.paradisec.org.au/repository/NLA1/SPCmf35,ASSUMED_VALIDATED_FOR_PROTOTYPE_TESTING,Safety critical,OCR source candidate; verify,Assumed validated only for MVP lookup testing; replace with reviewer evidence before operational use.,examine,ata oio
term,HV-108,Clinical actions,Examination/actions,High,touch,Touch,tone,SRC-002,English–Nauru Dictionary / NLA1-SPCmf35,43,38,https://catalog.paradisec.org.au/repository/NLA1/SPCmf35,ASSUMED_VALIDATED_FOR_PROTOTYPE_TESTING,Safety critical,OCR source candidate,Assumed validated only for MVP lookup testing; replace with reviewer evidence before operational use.,touch,tone
term,HV-109,Clinical actions,Examination/actions,Medium,look,Look,orak,SRC-002,English–Nauru Dictionary / NLA1-SPCmf35,27,22,https://catalog.paradisec.org.au/repository/NLA1/SPCmf35,ASSUMED_VALIDATED_FOR_PROTOTYPE_TESTING,Routine,Image/OCR candidate; verify,Assumed validated only for MVP lookup testing; replace with reviewer evidence before operational use.,look,orak
term,HV-110,Clinical actions,Examination/actions,Medium,hear,Hear,kaiñt,SRC-002,English–Nauru Dictionary / NLA1-SPCmf35,23,18,https://catalog.paradisec.org.au/repository/NLA1/SPCmf35,ASSUMED_VALIDATED_FOR_PROTOTYPE_TESTING,Routine,OCR source candidate; verify,Assumed validated only for MVP lookup testing; replace with reviewer evidence before operational use.,hear,kaint
term,HV-111,Clinical actions,Care/treatment,High,cure,Cure/treat,étsimor,SRC-002,English–Nauru Dictionary / NLA1-SPCmf35,14,9,https://catalog.paradisec.org.au/repository/NLA1/SPCmf35,ASSUMED_VALIDATED_FOR_PROTOTYPE_TESTING,Safety critical,OCR source candidate,Assumed validated only for MVP lookup testing; replace with reviewer evidence before operational use.,cure,etsimor
term,HV-112,Clinical actions,Care/treatment,High,save,Save/rescue,étsimor,SRC-002,English–Nauru Dictionary / NLA1-SPCmf35,37,32,https://catalog.paradisec.org.au/repository/NLA1/SPCmf35,ASSUMED_VALIDATED_FOR_PROTOTYPE_TESTING,Safety critical,OCR source candidate; low-res OCR read Stsinor,Assumed validated only for MVP lookup testing; replace with reviewer evidence before operational use.,save,etsimor
term,HV-113,Clinical actions,Care/treatment,High,wash,Wash,"gabúr, dudu",SRC-002,English–Nauru Dictionary / NLA1-SPCmf35,44,39,https://catalog.paradisec.org.au/repository/NLA1/SPCmf35,ASSUMED_VALIDATED_FOR_PROTOTYPE_TESTING,Safety critical,OCR source candidate; verify,Assumed validated only for MVP lookup testing; replace with reviewer evidence before operational use.,wash,gabur dudu
term,HV-114,Clinical actions,Care/treatment,Medium,clean,Clean,dereder,SRC-002,English–Nauru Dictionary / NLA1-SPCmf35,13,8,https://catalog.paradisec.org.au/repository/NLA1/SPCmf35,ASSUMED_VALIDATED_FOR_PROTOTYPE_TESTING,Safety critical,Image-read from SRC-002 p.13; verify,Assumed validated only for MVP lookup testing; replace with reviewer evidence before operational use.,clean,dereder
term,HV-115,Clinical actions,Care/treatment,High,bandage,Bandage,equéquér ekaretsitsié,SRC-002,English–Nauru Dictionary / NLA1-SPCmf35,8,3,https://catalog.paradisec.org.au/repository/NLA1/SPCmf35,ASSUMED_VALIDATED_FOR_PROTOTYPE_TESTING,Safety critical,Sample OCR / page image,Assumed validated only for MVP lookup testing; replace with reviewer evidence before operational use.,bandage,equequer ekaretsitsie
term,HV-116,Clinical actions,Care/treatment,High,needle,Needle,irér,SRC-002,English–Nauru Dictionary / NLA1-SPCmf35,30,25,https://catalog.paradisec.org.au/repository/NLA1/SPCmf35,ASSUMED_VALIDATED_FOR_PROTOTYPE_TESTING,Safety critical,OCR source candidate,Assumed validated only for MVP lookup testing; replace with reviewer evidence before operational use.,needle,irer
term,HV-117,Clinical actions,Care/treatment,Medium,rest,Rest,énano,SRC-002,English–Nauru Dictionary / NLA1-SPCmf35,36,31,https://catalog.paradisec.org.au/repository/NLA1/SPCmf35,ASSUMED_VALIDATED_FOR_PROTOTYPE_TESTING,Routine,Image-read from page 36; verify,Assumed validated only for MVP lookup testing; replace with reviewer evidence before operational use.,rest,enano
term,HV-118,Clinical actions,Care/treatment,Medium,prepare,Prepare,gadauw,SRC-002,English–Nauru Dictionary / NLA1-SPCmf35,34,29,https://catalog.paradisec.org.au/repository/NLA1/SPCmf35,ASSUMED_VALIDATED_FOR_PROTOTYPE_TESTING,Routine,OCR source candidate,Assumed validated only for MVP lookup testing; replace with reviewer evidence before operational use.,prepare,gadauw
term,HV-119,Clinical actions,Medication/food/fluid,High,drink,Drink,"eren, nim",SRC-002,English–Nauru Dictionary / NLA1-SPCmf35,16,11,https://catalog.paradisec.org.au/repository/NLA1/SPCmf35,ASSUMED_VALIDATED_FOR_PROTOTYPE_TESTING,Safety critical,OCR source candidate,Assumed validated only for MVP lookup testing; replace with reviewer evidence before operational use.,drink,eren nim
term,HV-120,Clinical actions,Medication/food/fluid,High,eat,Eat,"én, ijeiji",SRC-002,English–Nauru Dictionary / NLA1-SPCmf35,17,12,https://catalog.paradisec.org.au/repository/NLA1/SPCmf35,ASSUMED_VALIDATED_FOR_PROTOTYPE_TESTING,Routine,OCR source candidate,Assumed validated only for MVP lookup testing; replace with reviewer evidence before operational use.,eat,en ijeiji
term,HV-121,Clinical actions,Medication/food/fluid,High,food,Food,ijeiji,SRC-002,English–Nauru Dictionary / NLA1-SPCmf35,20,15,https://catalog.paradisec.org.au/repository/NLA1/SPCmf35,ASSUMED_VALIDATED_FOR_PROTOTYPE_TESTING,Routine,OCR source candidate,Assumed validated only for MVP lookup testing; replace with reviewer evidence before operational use.,food,ijeiji
term,HV-122,Clinical actions,Medication/food/fluid,High,water,Water,ebok,SRC-002,English–Nauru Dictionary / NLA1-SPCmf35,44,39,https://catalog.paradisec.org.au/repository/NLA1/SPCmf35,ASSUMED_VALIDATED_FOR_PROTOTYPE_TESTING,Safety critical,OCR source candidate; quote artifact removed,Assumed validated only for MVP lookup testing; replace with reviewer evidence before operational use.,water,ebok
term,HV-123,Clinical actions,Medication/food/fluid,Medium,swallow,Swallow,érareow,SRC-002,English–Nauru Dictionary / NLA1-SPCmf35,41,36,https://catalog.paradisec.org.au/repository/NLA1/SPCmf35,ASSUMED_VALIDATED_FOR_PROTOTYPE_TESTING,Safety critical,OCR source candidate,Assumed validated only for MVP lookup testing; replace with reviewer evidence before operational use.,swallow,erareow
term,HV-124,Clinical actions,Medication/food/fluid,Medium,feed,Feed,"ijeiji, óijóiji",SRC-002,English–Nauru Dictionary / NLA1-SPCmf35,19,14,https://catalog.paradisec.org.au/repository/NLA1/SPCmf35,ASSUMED_VALIDATED_FOR_PROTOTYPE_TESTING,Routine,OCR source candidate; verify,Assumed validated only for MVP lookup testing; replace with reviewer evidence before operational use.,feed,ijeiji oijoiji
term,HV-125,Clinical actions,Medication/food/fluid,Medium,milk,Milk,inimwæmwa,SRC-002,English–Nauru Dictionary / NLA1-SPCmf35,29,24,https://catalog.paradisec.org.au/repository/NLA1/SPCmf35,ASSUMED_VALIDATED_FOR_PROTOTYPE_TESTING,Routine,Image/OCR candidate; verify,Assumed validated only for MVP lookup testing; replace with reviewer evidence before operational use.,milk,inimw mwa
term,HV-126,Clinical actions,Mobility,Medium,walk,Walk,dañiduso,SRC-002,English–Nauru Dictionary / NLA1-SPCmf35,44,39,https://catalog.paradisec.org.au/repository/NLA1/SPCmf35,ASSUMED_VALIDATED_FOR_PROTOTYPE_TESTING,Routine,OCR source candidate; verify,Assumed validated only for MVP lookup testing; replace with reviewer evidence before operational use.,walk,daniduso
term,HV-127,Clinical actions,Mobility,Medium,run,Run,góró,SRC-002,English–Nauru Dictionary / NLA1-SPCmf35,37,32,https://catalog.paradisec.org.au/repository/NLA1/SPCmf35,ASSUMED_VALIDATED_FOR_PROTOTYPE_TESTING,Routine,Image/OCR candidate; verify,Assumed validated only for MVP lookup testing; replace with reviewer evidence before operational use.,run,goro
term,HV-128,Clinical actions,Mobility,Medium,move,Move,mamóri,SRC-002,English–Nauru Dictionary / NLA1-SPCmf35,30,25,https://catalog.paradisec.org.au/repository/NLA1/SPCmf35,ASSUMED_VALIDATED_FOR_PROTOTYPE_TESTING,Routine,Image/OCR candidate; verify,Assumed validated only for MVP lookup testing; replace with reviewer evidence before operational use.,move,mamori
term,HV-129,Clinical actions,Other,Medium,open,Open,"baida, ead",SRC-002,English–Nauru Dictionary / NLA1-SPCmf35,32,27,https://catalog.paradisec.org.au/repository/NLA1/SPCmf35,ASSUMED_VALIDATED_FOR_PROTOTYPE_TESTING,Routine,Image/OCR candidate; verify,Assumed validated only for MVP lookup testing; replace with reviewer evidence before operational use.,open,baida ead
term,HV-130,Clinical actions,Other,Medium,cover,Cover,"tsimwa, béhe",SRC-002,English–Nauru Dictionary / NLA1-SPCmf35,14,9,https://catalog.paradisec.org.au/repository/NLA1/SPCmf35,ASSUMED_VALIDATED_FOR_PROTOTYPE_TESTING,Routine,"OCR line: Cover                tsimwa, béhe",Assumed validated only for MVP lookup testing; replace with reviewer evidence before operational use.,cover,tsimwa behe
term,HV-131,Clinical actions,Other,Medium,cut,Cut,etow,SRC-002,English–Nauru Dictionary / NLA1-SPCmf35,14,9,https://catalog.paradisec.org.au/repository/NLA1/SPCmf35,ASSUMED_VALIDATED_FOR_PROTOTYPE_TESTING,Safety critical,OCR source candidate,Assumed validated only for MVP lookup testing; replace with reviewer evidence before operational use.,cut,etow
term,HV-132,Clinical actions,Other,Medium,hold,Hold,égég,SRC-002,English–Nauru Dictionary / NLA1-SPCmf35,23,18,https://catalog.paradisec.org.au/repository/NLA1/SPCmf35,ASSUMED_VALIDATED_FOR_PROTOTYPE_TESTING,Routine,OCR line: Hold                     égég,Assumed validated only for MVP lookup testing; replace with reviewer evidence before operational use.,hold,egeg
term,HV-133,Clinical actions,Other,Medium,take,Take,"eba, bará",SRC-002,English–Nauru Dictionary / NLA1-SPCmf35,41,36,https://catalog.paradisec.org.au/repository/NLA1/SPCmf35,ASSUMED_VALIDATED_FOR_PROTOTYPE_TESTING,Safety critical,Image/OCR candidate; verify,Assumed validated only for MVP lookup testing; replace with reviewer evidence before operational use.,take,eba bara
term,HV-134,Clinical actions,Other,Medium,give,Give,"oija, totow",SRC-002,English–Nauru Dictionary / NLA1-SPCmf35,21,16,https://catalog.paradisec.org.au/repository/NLA1/SPCmf35,ASSUMED_VALIDATED_FOR_PROTOTYPE_TESTING,Safety critical,Image-read from page 21; verify,Assumed validated only for MVP lookup testing; replace with reviewer evidence before operational use.,give,oija totow
term,HV-135,Clinical actions,Other,Medium,need,Need,aeh,SRC-002,English–Nauru Dictionary / NLA1-SPCmf35,30,25,https://catalog.paradisec.org.au/repository/NLA1/SPCmf35,ASSUMED_VALIDATED_FOR_PROTOTYPE_TESTING,Routine,OCR candidate; OCR read ack,Assumed validated only for MVP lookup testing; replace with reviewer evidence before operational use.,need,aeh
term,HV-136,Clinical actions,Other,Medium,must,Must,nim,SRC-002,English–Nauru Dictionary / NLA1-SPCmf35,30,25,https://catalog.paradisec.org.au/repository/NLA1/SPCmf35,ASSUMED_VALIDATED_FOR_PROTOTYPE_TESTING,Safety critical,Image/OCR candidate; verify,Assumed validated only for MVP lookup testing; replace with reviewer evidence before operational use.,must,nim
term,HV-137,Public health,Infection/disease,High,disease,Disease,earak,SRC-002,English–Nauru Dictionary / NLA1-SPCmf35,16,11,https://catalog.paradisec.org.au/repository/NLA1/SPCmf35,ASSUMED_VALIDATED_FOR_PROTOTYPE_TESTING,Safety critical,OCR source candidate,Assumed validated only for MVP lookup testing; replace with reviewer evidence before operational use.,disease,earak
term,HV-138,Public health,Infection/disease,Medium,plague,Plague/epidemic older term,earak in ima,SRC-002,English–Nauru Dictionary / NLA1-SPCmf35,33,28,https://catalog.paradisec.org.au/repository/NLA1/SPCmf35,ASSUMED_VALIDATED_FOR_PROTOTYPE_TESTING,Safety critical,OCR source candidate,Assumed validated only for MVP lookup testing; replace with reviewer evidence before operational use.,plague,earak in ima
term,HV-139,Public health,Infection/disease,Medium,poison,Poison,eeku,SRC-002,English–Nauru Dictionary / NLA1-SPCmf35,34,29,https://catalog.paradisec.org.au/repository/NLA1/SPCmf35,ASSUMED_VALIDATED_FOR_PROTOTYPE_TESTING,Safety critical,OCR source candidate,Assumed validated only for MVP lookup testing; replace with reviewer evidence before operational use.,poison,eeku
term,HV-140,Public health,Infection/disease,Medium,dirty,Dirty,émwarere,SRC-002,English–Nauru Dictionary / NLA1-SPCmf35,15,10,https://catalog.paradisec.org.au/repository/NLA1/SPCmf35,ASSUMED_VALIDATED_FOR_PROTOTYPE_TESTING,Routine,OCR line: Dirty                émwarere,Assumed validated only for MVP lookup testing; replace with reviewer evidence before operational use.,dirty,emwarere
term,HV-141,Public health,Infection/disease,Medium,filthy,Filthy,"mwarere, kanakanend",SRC-002,English–Nauru Dictionary / NLA1-SPCmf35,19,14,https://catalog.paradisec.org.au/repository/NLA1/SPCmf35,ASSUMED_VALIDATED_FOR_PROTOTYPE_TESTING,Routine,"OCR line: Filthy               mwarere, kanakanend",Assumed validated only for MVP lookup testing; replace with reviewer evidence before operational use.,filthy,mwarere kanakanend
term,HV-142,Public health,Basic needs,High,hungry,Hungry,metur,SRC-002,English–Nauru Dictionary / NLA1-SPCmf35,24,19,https://catalog.paradisec.org.au/repository/NLA1/SPCmf35,ASSUMED_VALIDATED_FOR_PROTOTYPE_TESTING,Routine,Image-read; OCR read mnetuar,Assumed validated only for MVP lookup testing; replace with reviewer evidence before operational use.,hungry,metur
term,HV-143,Public health,Basic needs,High,thirst,Thirst,ibén,SRC-002,English–Nauru Dictionary / NLA1-SPCmf35,42,37,https://catalog.paradisec.org.au/repository/NLA1/SPCmf35,ASSUMED_VALIDATED_FOR_PROTOTYPE_TESTING,Routine,OCR source candidate,Assumed validated only for MVP lookup testing; replace with reviewer evidence before operational use.,thirst,iben
term,HV-144,Public health,Basic needs,Medium,dry,Dry,emég,SRC-002,English–Nauru Dictionary / NLA1-SPCmf35,16,11,https://catalog.paradisec.org.au/repository/NLA1/SPCmf35,ASSUMED_VALIDATED_FOR_PROTOTYPE_TESTING,Routine,OCR source candidate; verify,Assumed validated only for MVP lookup testing; replace with reviewer evidence before operational use.,dry,emeg
term,HV-145,Public health,Basic needs,Medium,wet,Wet,riare,SRC-002,English–Nauru Dictionary / NLA1-SPCmf35,45,40,https://catalog.paradisec.org.au/repository/NLA1/SPCmf35,ASSUMED_VALIDATED_FOR_PROTOTYPE_TESTING,Routine,OCR source candidate,Assumed validated only for MVP lookup testing; replace with reviewer evidence before operational use.,wet,riare
term,HV-146,Public health,Basic needs,Medium,salt,Salt,ebarajited,SRC-002,English–Nauru Dictionary / NLA1-SPCmf35,37,32,https://catalog.paradisec.org.au/repository/NLA1/SPCmf35,ASSUMED_VALIDATED_FOR_PROTOTYPE_TESTING,Routine,Image/OCR candidate; verify,Assumed validated only for MVP lookup testing; replace with reviewer evidence before operational use.,salt,ebarajited
term,HV-147,Public health,Basic needs,Medium,rice,Rice,ed animwe,SRC-002,English–Nauru Dictionary / NLA1-SPCmf35,36,31,https://catalog.paradisec.org.au/repository/NLA1/SPCmf35,ASSUMED_VALIDATED_FOR_PROTOTYPE_TESTING,Routine,Image-read from page 36; verify,Assumed validated only for MVP lookup testing; replace with reviewer evidence before operational use.,rice,ed animwe
term,HV-148,Public health,Status/severity,High,bad,Bad/worse condition,ebaka,SRC-002,English–Nauru Dictionary / NLA1-SPCmf35,9,4,https://catalog.paradisec.org.au/repository/NLA1/SPCmf35,ASSUMED_VALIDATED_FOR_PROTOTYPE_TESTING,Routine,Image-read from SRC-002 p.9,Assumed validated only for MVP lookup testing; replace with reviewer evidence before operational use.,bad,ebaka
term,HV-149,Public health,Status/severity,High,good,Good/well,omo,SRC-002,English–Nauru Dictionary / NLA1-SPCmf35,21,16,https://catalog.paradisec.org.au/repository/NLA1/SPCmf35,ASSUMED_VALIDATED_FOR_PROTOTYPE_TESTING,Routine,Image-read from page 21 and phrase page,Assumed validated only for MVP lookup testing; replace with reviewer evidence before operational use.,good,omo
term,HV-150,Public health,Status/severity,High,well,Well/healthy,"tsimor, ebéken-eren",SRC-002,English–Nauru Dictionary / NLA1-SPCmf35,45,40,https://catalog.paradisec.org.au/repository/NLA1/SPCmf35,ASSUMED_VALIDATED_FOR_PROTOTYPE_TESTING,Routine,OCR source candidate; verify,Assumed validated only for MVP lookup testing; replace with reviewer evidence before operational use.,well,tsimor ebeken eren
term,HV-151,Public health,Status/severity,Medium,worse,Worse,aeéh baka,SRC-002,English–Nauru Dictionary / NLA1-SPCmf35,46,41,https://catalog.paradisec.org.au/repository/NLA1/SPCmf35,ASSUMED_VALIDATED_FOR_PROTOTYPE_TESTING,Safety critical,OCR source candidate,Assumed validated only for MVP lookup testing; replace with reviewer evidence before operational use.,worse,aeeh baka
term,HV-152,Public health,Status/severity,Medium,strong,Strong,óaio,SRC-002,English–Nauru Dictionary / NLA1-SPCmf35,41,36,https://catalog.paradisec.org.au/repository/NLA1/SPCmf35,ASSUMED_VALIDATED_FOR_PROTOTYPE_TESTING,Routine,Image/OCR candidate; verify,Assumed validated only for MVP lookup testing; replace with reviewer evidence before operational use.,strong,oaio
term,HV-153,Public health,Status/severity,Medium,small,Small,onih,SRC-002,English–Nauru Dictionary / NLA1-SPCmf35,39,34,https://catalog.paradisec.org.au/repository/NLA1/SPCmf35,ASSUMED_VALIDATED_FOR_PROTOTYPE_TESTING,Routine,Image/OCR candidate; verify,Assumed validated only for MVP lookup testing; replace with reviewer evidence before operational use.,small,onih
term,HV-154,Public health,Status/severity,Medium,large,Large,ouwak,SRC-002,English–Nauru Dictionary / NLA1-SPCmf35,26,21,https://catalog.paradisec.org.au/repository/NLA1/SPCmf35,ASSUMED_VALIDATED_FOR_PROTOTYPE_TESTING,Routine,Image-read from page 26; verify,Assumed validated only for MVP lookup testing; replace with reviewer evidence before operational use.,large,ouwak
term,HV-155,Public health,Time/location,High,today,Today,ekarawe,SRC-002,English–Nauru Dictionary / NLA1-SPCmf35,42,37,https://catalog.paradisec.org.au/repository/NLA1/SPCmf35,ASSUMED_VALIDATED_FOR_PROTOTYPE_TESTING,Routine,OCR source candidate,Assumed validated only for MVP lookup testing; replace with reviewer evidence before operational use.,today,ekarawe
term,HV-156,Public health,Time/location,High,day,Day,ibén,SRC-002,English–Nauru Dictionary / NLA1-SPCmf35,14,9,https://catalog.paradisec.org.au/repository/NLA1/SPCmf35,ASSUMED_VALIDATED_FOR_PROTOTYPE_TESTING,Routine,OCR source candidate; verify,Assumed validated only for MVP lookup testing; replace with reviewer evidence before operational use.,day,iben
term,HV-157,Public health,Time/location,Medium,evening,Evening,emeré,SRC-002,English–Nauru Dictionary / NLA1-SPCmf35,18,13,https://catalog.paradisec.org.au/repository/NLA1/SPCmf35,ASSUMED_VALIDATED_FOR_PROTOTYPE_TESTING,Routine,OCR source candidate; verify,Assumed validated only for MVP lookup testing; replace with reviewer evidence before operational use.,evening,emere
term,HV-158,Public health,Time/location,Medium,noon,Noon,eaque,SRC-002,English–Nauru Dictionary / NLA1-SPCmf35,31,26,https://catalog.paradisec.org.au/repository/NLA1/SPCmf35,ASSUMED_VALIDATED_FOR_PROTOTYPE_TESTING,Routine,Image/OCR candidate; verify,Assumed validated only for MVP lookup testing; replace with reviewer evidence before operational use.,noon,eaque
term,HV-159,Public health,Time/location,Medium,home,Home,tbwien,SRC-002,English–Nauru Dictionary / NLA1-SPCmf35,23,18,https://catalog.paradisec.org.au/repository/NLA1/SPCmf35,ASSUMED_VALIDATED_FOR_PROTOTYPE_TESTING,Routine,OCR source candidate; verify,Assumed validated only for MVP lookup testing; replace with reviewer evidence before operational use.,home,tbwien
term,HV-160,Public health,Time/location,Medium,house,House,ewak,SRC-002,English–Nauru Dictionary / NLA1-SPCmf35,24,19,https://catalog.paradisec.org.au/repository/NLA1/SPCmf35,ASSUMED_VALIDATED_FOR_PROTOTYPE_TESTING,Routine,OCR source candidate,Assumed validated only for MVP lookup testing; replace with reviewer evidence before operational use.,house,ewak
term,HV-161,Public health,Time/location,Medium,road,Road/path,emedena,SRC-002,English–Nauru Dictionary / NLA1-SPCmf35,36,31,https://catalog.paradisec.org.au/repository/NLA1/SPCmf35,ASSUMED_VALIDATED_FOR_PROTOTYPE_TESTING,Routine,Image-read from page 36; verify,Assumed validated only for MVP lookup testing; replace with reviewer evidence before operational use.,road,emedena
phrase,HP-001,Identity/registration,,High,What is your name?,,LIEKEN-AGEN,SRC-002,SRC-002 phrase page,49,phrase page,https://catalog.paradisec.org.au/repository/NLA1/SPCmf35,ASSUMED_VALIDATED_FOR_PROTOTYPE_TESTING,Safety critical,From page 49 phrase table; unvalidated,Assumed validated only for MVP lookup testing; replace with reviewer evidence before operational use.,what is your name,lieken agen
phrase,HP-002,Greeting/rapport,,Medium,How are you?,,ORA-IT-OTAN,SRC-002,SRC-002 phrase page,49,phrase page,https://catalog.paradisec.org.au/repository/NLA1/SPCmf35,ASSUMED_VALIDATED_FOR_PROTOTYPE_TESTING,Routine,From page 49 phrase table; unvalidated,Assumed validated only for MVP lookup testing; replace with reviewer evidence before operational use.,how are you,ora it otan
phrase,HP-003,Greeting/rapport,,Medium,Good morning,,EO-YOBUM,SRC-002,SRC-002 phrase page,49,phrase page,https://catalog.paradisec.org.au/repository/NLA1/SPCmf35,ASSUMED_VALIDATED_FOR_PROTOTYPE_TESTING,Routine,From page 49 phrase table; unvalidated,Assumed validated only for MVP lookup testing; replace with reviewer evidence before operational use.,good morning,eo yobum
phrase,HP-004,Instruction,,High,Come here,,TUKO-EGNY,SRC-002,SRC-002 phrase page,49,phrase page,https://catalog.paradisec.org.au/repository/NLA1/SPCmf35,ASSUMED_VALIDATED_FOR_PROTOTYPE_TESTING,Safety critical,From page 49 phrase table; unvalidated,Assumed validated only for MVP lookup testing; replace with reviewer evidence before operational use.,come here,tuko egny
phrase,HP-005,Communication,,High,I want to speak to you,,AR-TING-LOAER-OW,SRC-002,SRC-002 phrase page,49,phrase page,https://catalog.paradisec.org.au/repository/NLA1/SPCmf35,ASSUMED_VALIDATED_FOR_PROTOTYPE_TESTING,Routine,From page 49 phrase table; unvalidated,Assumed validated only for MVP lookup testing; replace with reviewer evidence before operational use.,i want to speak to you,ar ting loaer ow
phrase,HP-006,Communication,,Medium,What did you say?,,LAEKEN-O-PAN,SRC-002,SRC-002 phrase page,49,phrase page,https://catalog.paradisec.org.au/repository/NLA1/SPCmf35,ASSUMED_VALIDATED_FOR_PROTOTYPE_TESTING,Routine,From page 49 phrase table; unvalidated,Assumed validated only for MVP lookup testing; replace with reviewer evidence before operational use.,what did you say,laeken o pan
phrase,HP-007,Identity/location,,Medium,Where have you been?,,O-IA AEAKI,SRC-002,SRC-002 phrase page,49,phrase page,https://catalog.paradisec.org.au/repository/NLA1/SPCmf35,ASSUMED_VALIDATED_FOR_PROTOTYPE_TESTING,Routine,From page 49 phrase table; unvalidated,Assumed validated only for MVP lookup testing; replace with reviewer evidence before operational use.,where have you been,o ia aeaki
phrase,HP-008,Courtesy,,Medium,Thank you,,TUBA,SRC-002,SRC-002 phrase page,49,phrase page,https://catalog.paradisec.org.au/repository/NLA1/SPCmf35,ASSUMED_VALIDATED_FOR_PROTOTYPE_TESTING,Routine,From page 49 phrase table; unvalidated,Assumed validated only for MVP lookup testing; replace with reviewer evidence before operational use.,thank you,tuba
phrase,HP-009,Drafting queue,,High,Are you in pain?,,,,,,,,NO_CANDIDATE_AVAILABLE,Safety critical,No source candidate yet; create with reviewer/native speaker,No Nauruan candidate available yet; not searchable as a translation.,are you in pain,
phrase,HP-010,Drafting queue,,High,Where is the pain?,,,,,,,,NO_CANDIDATE_AVAILABLE,Safety critical,No source candidate yet; create with reviewer/native speaker,No Nauruan candidate available yet; not searchable as a translation.,where is the pain,
phrase,HP-011,Drafting queue,,High,Show me where it hurts.,,,,,,,,NO_CANDIDATE_AVAILABLE,Safety critical,No source candidate yet; create with reviewer/native speaker,No Nauruan candidate available yet; not searchable as a translation.,show me where it hurts,
phrase,HP-012,Drafting queue,,High,Do you have fever?,,,,,,,,NO_CANDIDATE_AVAILABLE,Safety critical,No source candidate yet; create with reviewer/native speaker,No Nauruan candidate available yet; not searchable as a translation.,do you have fever,
phrase,HP-013,Drafting queue,,High,Can you breathe?,,,,,,,,NO_CANDIDATE_AVAILABLE,Safety critical,No source candidate yet; create with reviewer/native speaker,No Nauruan candidate available yet; not searchable as a translation.,can you breathe,
phrase,HP-014,Drafting queue,,High,Are you bleeding?,,,,,,,,NO_CANDIDATE_AVAILABLE,Safety critical,No source candidate yet; create with reviewer/native speaker,No Nauruan candidate available yet; not searchable as a translation.,are you bleeding,
phrase,HP-015,Drafting queue,,High,Do you feel sick?,,,,,,,,NO_CANDIDATE_AVAILABLE,Safety critical,No source candidate yet; create with reviewer/native speaker,No Nauruan candidate available yet; not searchable as a translation.,do you feel sick,
phrase,HP-016,Drafting queue,,High,Do you feel dizzy?,,,,,,,,NO_CANDIDATE_AVAILABLE,Safety critical,No source candidate yet; create with reviewer/native speaker,No Nauruan candidate available yet; not searchable as a translation.,do you feel dizzy,
phrase,HP-017,Drafting queue,,High,Have you vomited?,,,,,,,,NO_CANDIDATE_AVAILABLE,Safety critical,No source candidate yet; create with reviewer/native speaker,No Nauruan candidate available yet; not searchable as a translation.,have you vomited,
phrase,HP-018,Drafting queue,,High,Do you have diarrhoea?,,,,,,,,NO_CANDIDATE_AVAILABLE,Safety critical,No source candidate yet; create with reviewer/native speaker,No Nauruan candidate available yet; not searchable as a translation.,do you have diarrhoea,
phrase,HP-019,Drafting queue,,High,Are you pregnant?,,,,,,,,NO_CANDIDATE_AVAILABLE,Safety critical,No source candidate yet; create with reviewer/native speaker,No Nauruan candidate available yet; not searchable as a translation.,are you pregnant,
phrase,HP-020,Drafting queue,,High,When did it start?,,,,,,,,NO_CANDIDATE_AVAILABLE,Safety critical,No source candidate yet; create with reviewer/native speaker,No Nauruan candidate available yet; not searchable as a translation.,when did it start,
phrase,HP-021,Drafting queue,,High,Do you take medicine?,,,,,,,,NO_CANDIDATE_AVAILABLE,Safety critical,No source candidate yet; create with reviewer/native speaker,No Nauruan candidate available yet; not searchable as a translation.,do you take medicine,
phrase,HP-022,Drafting queue,,Medium,Are you allergic to any medicine?,,,,,,,,NO_CANDIDATE_AVAILABLE,Routine,No source candidate yet; create with reviewer/native speaker,No Nauruan candidate available yet; not searchable as a translation.,are you allergic to any medicine,
phrase,HP-023,Drafting queue,,Medium,Drink water.,,,,,,,,NO_CANDIDATE_AVAILABLE,Routine,No source candidate yet; create with reviewer/native speaker,No Nauruan candidate available yet; not searchable as a translation.,drink water,
phrase,HP-024,Drafting queue,,Medium,Do not eat yet.,,,,,,,,NO_CANDIDATE_AVAILABLE,Routine,No source candidate yet; create with reviewer/native speaker,No Nauruan candidate available yet; not searchable as a translation.,do not eat yet,
phrase,HP-025,Drafting queue,,Medium,Please wait here.,,,,,,,,NO_CANDIDATE_AVAILABLE,Routine,No source candidate yet; create with reviewer/native speaker,No Nauruan candidate available yet; not searchable as a translation.,please wait here,
phrase,HP-026,Drafting queue,,Medium,Come back tomorrow.,,,,,,,,NO_CANDIDATE_AVAILABLE,Routine,No source candidate yet; create with reviewer/native speaker,No Nauruan candidate available yet; not searchable as a translation.,come back tomorrow,
phrase,HP-027,Drafting queue,,Medium,I need to examine you.,,,,,,,,NO_CANDIDATE_AVAILABLE,Routine,No source candidate yet; create with reviewer/native speaker,No Nauruan candidate available yet; not searchable as a translation.,i need to examine you,
phrase,HP-028,Drafting queue,,Medium,I need to touch your stomach.,,,,,,,,NO_CANDIDATE_AVAILABLE,Routine,No source candidate yet; create with reviewer/native speaker,No Nauruan candidate available yet; not searchable as a translation.,i need to touch your stomach,
phrase,HP-029,Drafting queue,,Medium,Open your mouth.,,,,,,,,NO_CANDIDATE_AVAILABLE,Routine,No source candidate yet; create with reviewer/native speaker,No Nauruan candidate available yet; not searchable as a translation.,open your mouth,
phrase,HP-030,Drafting queue,,Medium,Take this medicine.,,,,,,,,NO_CANDIDATE_AVAILABLE,Routine,No source candidate yet; create with reviewer/native speaker,No Nauruan candidate available yet; not searchable as a translation.,take this medicine,
phrase,HP-031,Drafting queue,,Medium,Swallow the tablet.,,,,,,,,NO_CANDIDATE_AVAILABLE,Routine,No source candidate yet; create with reviewer/native speaker,No Nauruan candidate available yet; not searchable as a translation.,swallow the tablet,
phrase,HP-032,Drafting queue,,Medium,Wash your hands.,,,,,,,,NO_CANDIDATE_AVAILABLE,Routine,No source candidate yet; create with reviewer/native speaker,No Nauruan candidate available yet; not searchable as a translation.,wash your hands,
phrase,HP-033,Drafting queue,,Medium,You need to go to hospital.,,,,,,,,NO_CANDIDATE_AVAILABLE,Routine,No source candidate yet; create with reviewer/native speaker,No Nauruan candidate available yet; not searchable as a translation.,you need to go to hospital,
phrase,HP-034,Drafting queue,,Medium,Call the doctor.,,,,,,,,NO_CANDIDATE_AVAILABLE,Routine,No source candidate yet; create with reviewer/native speaker,No Nauruan candidate available yet; not searchable as a translation.,call the doctor,
phrase,HP-035,Drafting queue,,Medium,Bring your child.,,,,,,,,NO_CANDIDATE_AVAILABLE,Routine,No source candidate yet; create with reviewer/native speaker,No Nauruan candidate available yet; not searchable as a translation.,bring your child,
phrase,HP-036,Drafting queue,,Medium,Your child is sick.,,,,,,,,NO_CANDIDATE_AVAILABLE,Routine,No source candidate yet; create with reviewer/native speaker,No Nauruan candidate available yet; not searchable as a translation.,your child is sick,
phrase,HP-037,Drafting queue,,Medium,This is serious.,,,,,,,,NO_CANDIDATE_AVAILABLE,Routine,No source candidate yet; create with reviewer/native speaker,No Nauruan candidate available yet; not searchable as a translation.,this is serious,
phrase,HP-038,Drafting queue,,Medium,This is not serious.,,,,,,,,NO_CANDIDATE_AVAILABLE,Routine,No source candidate yet; create with reviewer/native speaker,No Nauruan candidate available yet; not searchable as a translation.,this is not serious,
phrase,HP-039,Drafting queue,,Medium,I do not understand.,,,,,,,,NO_CANDIDATE_AVAILABLE,Routine,No source candidate yet; create with reviewer/native speaker,No Nauruan candidate available yet; not searchable as a translation.,i do not understand,
phrase,HP-040,Drafting queue,,Medium,Please speak slowly.,,,,,,,,NO_CANDIDATE_AVAILABLE,Routine,No source candidate yet; create with reviewer/native speaker,No Nauruan candidate available yet; not searchable as a translation.,please speak slowly,
